{"cameraMode":{"drawMode":0,"name":"Shaded","section":"Shading Mode"},"sceneLighting":false,"audioPlay":false,"sceneViewState":{"m_AlwaysRefresh":false,"showFog":true,"showSkybox":true,"showFlares":true,"showImageEffects":true,"showParticleSystems":true,"showVisualEffectGraphs":true,"m_FxEnabled":true},"in2DMode":false,"pivot":{"x":0.8856658935546875,"y":1.0069990158081055,"z":2.4505553245544435},"rotation":{"x":0.21058665215969087,"y":-0.6929813027381897,"z":0.22375112771987916,"w":0.6522221565246582},"size":2.7564122676849367,"orthographic":false}