{"cameraMode":{"drawMode":0,"name":"Shaded","section":"Shading Mode"},"sceneLighting":false,"audioPlay":false,"sceneViewState":{"m_AlwaysRefresh":false,"showFog":true,"showSkybox":true,"showFlares":true,"showImageEffects":true,"showParticleSystems":true,"showVisualEffectGraphs":true,"m_FxEnabled":true},"in2DMode":false,"pivot":{"x":-2.0143513679504396,"y":15.687881469726563,"z":-65.13619995117188},"rotation":{"x":0.34546947479248049,"y":-0.01941319741308689,"z":0.007150568533688784,"w":0.9382179379463196},"size":6.956413745880127,"orthographic":false}